site,location_id,X,Y
NE,101A0003,-96.45469898901969,41.15207953658716
NE,101A0005,-96.45446352938536,41.15184789035229
NE,101A0006,-96.45445967130296,41.15174006575515
NE,101A0001,-96.45448350951949,41.15229623106845
NE,101A0004,-96.45437235610164,41.151905832467854
NE,101A0002,-96.45470374102192,41.15229358906469
NE,101B0004,-96.45412383632217,41.15193803901266
NE,101B0005,-96.45411589740277,41.15183314143511
NE,101B0001,-96.4542380634042,41.15243308370356
NE,101B0002,-96.45410581388244,41.15238451254016
NE,101B0003,-96.45422752522329,41.152118891815064
NE,101B0006,-96.45423552160551,41.15177440563471
NE,201A0006,-96.45339714300097,41.15182590798775
NE,201A0004,-96.45370669986038,41.15201861977289
NE,201A0005,-96.45359783568952,41.15187637224008
NE,201A0003,-96.4537654490526,41.152105663927124
NE,201A0002,-96.4534008153215,41.15221267791133
NE,201A0001,-96.45361515177001,41.15229057242746
NE,201B0004,-96.45301833698429,41.152079201822616
NE,201B0005,-96.45317388465251,41.15195875479981
NE,201B0001,-96.45301362067995,41.152346518174426
NE,201B0002,-96.45325257247849,41.152238030994354
NE,201B0003,-96.4530182478139,41.152256579639044
NE,201B0006,-96.45317579696433,41.15164228035219
NE,202A0006,-96.45437339124028,41.15105710898651
NE,202A0002,-96.45457486191151,41.15129371417233
NE,202A0001,-96.45447902361792,41.1513084196867
NE,202A0003,-96.45468405298313,41.15123603516901
NE,202A0005,-96.45447993168177,41.15108237819314
NE,202A0004,-96.45448909739976,41.15119376976673
NE,202B0004,-96.454035997042,41.150771229497614
NE,202B0005,-96.4541227471436,41.15075702588746
NE,202B0002,-96.45411159377885,41.150973122466574
NE,202B0003,-96.45403173013463,41.15088761101602
NE,202B0006,-96.45424247560814,41.15051730078692
NE,202B0001,-96.45423650235503,41.151322709517004
NE,301A0006,-96.45361293939183,41.150668850079605
NE,301A0003,-96.45371118693194,41.150953539429054
NE,301A0005,-96.45379121843429,41.15071983595668
NE,301A0004,-96.45361408532645,41.150768823840515
NE,301A0002,-96.45379146276403,41.15123492198968
NE,301A0001,-96.45363194041232,41.1512565134461
NE,301B0003,-96.4532559821403,41.15113142360539
NE,301B0001,-96.45302133799915,41.151353095456315
NE,301B0005,-96.45325440154262,41.15102976496962
NE,301B0004,-96.45318728066184,41.15103032457157
NE,301B0006,-96.45327572973433,41.15049343180608
NE,301B0002,-96.45318969973752,41.151247261710694
NE,102A0002,-96.45368742761408,41.150025548064846
NE,102A0004,-96.45362884124935,41.14970874407069
NE,102A0005,-96.45362308542072,41.14961457678451
NE,102A0003,-96.4536902634107,41.14981225778606
NE,102A0006,-96.4536875370803,41.14948625049748
NE,102A0001,-96.45348845344434,41.15000778065398
NE,102B0004,-96.45303138715528,41.149746487471894
NE,102B0002,-96.45302899903801,41.15026571245964
NE,102B0005,-96.45318676216242,41.149541417677995
NE,102B0003,-96.45317546155547,41.15006620085848
NE,102B0001,-96.45327013302062,41.15029023176388
NE,102B0006,-96.45327646026304,41.149498124912334
NE,302A0006,-96.4546928414739,41.1495223890886
NE,302A0001,-96.45438019263426,41.14991499940268
NE,302A0004,-96.45469248639542,41.14987303390127
NE,302A0003,-96.45470211393636,41.14997619446942
NE,302A0005,-96.4545917156581,41.149550938346316
NE,302A0002,-96.45459478910199,41.15027820614637
NE,302B0002,-96.45423730191258,41.14987148909347
NE,302B0005,-96.45424862836387,41.14952991358528
NE,302B0003,-96.45401797922901,41.14967786522494
NE,302B0001,-96.45413326342805,41.15000020116907
NE,302B0006,-96.45402972651898,41.14944703762375
NE,302B0004,-96.45413374645052,41.149538892691005
NE,103A0001,-96.45449625837222,41.149166389957415
NE,103A0002,-96.45459265049546,41.14913113412713
NE,103A0004,-96.45469298638977,41.14903984404972
NE,103A0003,-96.454697780220215,41.1491395111976
NE,103A0006,-96.45449209460095,41.14840018856611
NE,103A0005,-96.45469668899277,41.14892938547142
NE,103B0001,-96.45427101377123,41.14889583464529
NE,103B0004,-96.45405229686615,41.14856996839981
NE,103B0005,-96.45425505543052,41.14843043368888
NE,103B0003,-96.45405008420416,41.14888263551622
NE,103B0002,-96.45416944867344,41.148900658924276
NE,103B0006,-96.45418163338313,41.14832879850247
NE,303A0004,-96.45342104776199,41.14856095976811
NE,303A0001,-96.4534923090687,41.14894397404651
NE,303A0006,-96.45341512586921,41.14843569731726
NE,303A0003,-96.45342112752063,41.14864938127113
NE,303A0005,-96.45351640677987,41.14849451845882
NE,303A0002,-96.45361807927875,41.14892087958508
NE,303B0003,-96.45303872840628,41.148901488092086
NE,303B0006,-96.45304319544674,41.1483861008617
NE,303B0005,-96.45304936234211,41.148484708625986
NE,303B0004,-96.4532153815372,41.148577350768356
NE,303B0002,-96.45319836223511,41.14890456949899
NE,303B0001,-96.45328265060037,41.14901943349343
NE,203A0005,-96.45352991799413,41.1475462842984
NE,203A0004,-96.45338763740763,41.147628116069995
NE,203A0002,-96.45341302097611,41.14778528781976
NE,203A0003,-96.45362400568563,41.1477284024299
NE,203A0001,-96.45363021180354,41.14804855128797
NE,203A0006,-96.45363377993962,41.147526397964484
NE,203B0002,-96.45284815102379,41.147987602880335
NE,203B0003,-96.45295163495227,41.14787934310406
NE,203B0001,-96.45272593596665,41.14802908600014
NE,203B0006,-96.45286870734274,41.14754477009688
NE,203B0004,-96.45307073778608,41.14763911891157
NE,203B0005,-96.45286708393712,41.147657463273745
NE,403A0002,-96.45262512578144,41.14958476101475
NE,403A0004,-96.45263547992268,41.149386030002
NE,403A0006,-96.4525178901766,41.149133894580864
NE,403A0005,-96.45264368412325,41.14917450679055
NE,403A0003,-96.4524036638632,41.14953572690007
NE,403A0001,-96.4526390902308,41.149683541328265
NE,403B0006,-96.4519640394533,41.14911229687161
NE,403B0004,-96.45209144729571,41.14921828070558
NE,403B0003,-96.45209377899828,41.1493115796741
NE,403B0001,-96.45197882239444,41.14971096354282
NE,403B0002,-96.45196934204239,41.14941679891282
NE,403B0005,-96.45208840988408,41.14912012946679
NE,402A0001,-96.45263091621077,41.1505015918088
NE,402A0003,-96.45262063016324,41.150398902891865
NE,402A0004,-96.45240359046248,41.150283622567784
NE,402A0006,-96.45240747548996,41.14996398532165
NE,402A0002,-96.45250252030483,41.15048163762354
NE,402A0005,-96.45249714298613,41.15027591150568
NE,402B0005,-96.4519753013814,41.150109427292136
NE,402B0003,-96.45218768188312,41.15037878361647
NE,402B0002,-96.4519740461093,41.15044171420892
NE,402B0004,-96.45197752260383,41.15034090605107
NE,402B0006,-96.45197665806522,41.15001350793321
NE,402B0001,-96.45208985450489,41.15054051507298
NE,401A0005,-96.45239222715502,41.15083630723458
NE,401A0006,-96.45249406660936,41.150781719073244
NE,401A0004,-96.45271361813997,41.1508875706572
NE,401A0003,-96.45237824623942,41.151051422335186
NE,401A0001,-96.45261234955058,41.15111477785395
NE,401A0002,-96.45249219570744,41.15110996632163
NE,401B0005,-96.45208461204996,41.15086715653371
NE,401B0003,-96.45186600410045,41.1510042468808
NE,401B0002,-96.45217189510686,41.1510594469514
NE,401B0006,-96.45208622824812,41.15075561613835
NE,401B0001,-96.4521693094532,41.151344274612924
NE,401B0004,-96.4520796883904,41.15098225346019
IL-RS,IL-RS-A01,-88.29399699,40.00733046
IL-RS,IL-RS-A02,-88.29359737,40.0073373
IL-RS,IL-RS-A03,-88.29319798,40.00733839
IL-RS,IL-RS-A04,-88.29279044,40.00733659
IL-RS,IL-RS-A05,-88.29239549,40.00733564
IL-RS,IL-RS-A06,-88.29198528,40.00733425999999
IL-RS,IL-RS-A07,-88.29159052,40.00732648999999
IL-RS,IL-RS-A11,-88.28993304,40.00731265999999
IL-RS,IL-RS-A12,-88.28952194,40.007309490000004
IL-RS,IL-RS-A13,-88.28910668,40.007307680000004
IL-RS,IL-RS-A14,-88.28870139,40.00730501999999
IL-RS,IL-RS-A15,-88.28829564,40.00730511
IL-RS,IL-RS-A16,-88.28788204,40.00730275999999
IL-RS,IL-RS-A17,-88.28747315,40.00730056
IL-RS,IL-RS-A18,-88.28706749,40.00730072999999
IL-RS,IL-RS-A19,-88.28665566,40.00729875999999
IL-RS,IL-RS-A20,-88.28624004,40.007259149999996
IL-RS,IL-RS-A21,-88.28582271,40.007209210000006
IL-RS,IL-RS-B01,-88.29399059,40.006977580000004
IL-RS,IL-RS-B02,-88.29360318,40.00697293
IL-RS,IL-RS-B03,-88.29319968,40.006968329999985
IL-RS,IL-RS-B04,-88.29278009,40.00696258
IL-RS,IL-RS-B05,-88.29237603,40.00696216
IL-RS,IL-RS-B06,-88.29197007,40.00695749
IL-RS,IL-RS-B12,-88.28951672,40.00692238
IL-RS,IL-RS-B13,-88.28910863,40.00691759000001
IL-RS,IL-RS-B14,-88.28870786,40.00691329
IL-RS,IL-RS-B15,-88.28829224,40.006913159999996
IL-RS,IL-RS-B16,-88.28788409,40.00690927
IL-RS,IL-RS-B17,-88.28746907,40.00690392999999
IL-RS,IL-RS-B18,-88.28705574,40.00690229
IL-RS,IL-RS-B19,-88.28665073,40.00690086
IL-RS,IL-RS-B20,-88.28623567,40.006897509999995
IL-RS,IL-RS-B21,-88.28582682,40.00689414
IL-RS,IL-RS-C01,-88.29398136,40.006660399999994
IL-RS,IL-RS-C02,-88.29356676000002,40.006655470000005
IL-RS,IL-RS-C03,-88.2931575,40.006658619999996
IL-RS,IL-RS-C04,-88.29281999,40.00666487
IL-RS,IL-RS-C05,-88.29241060000001,40.006666779999996
IL-RS,IL-RS-C06,-88.29198544,40.006665309999995
IL-RS,IL-RS-C07,-88.29158287,40.00666172
IL-RS,IL-RS-C08,-88.29117419,40.006655739999985
IL-RS,IL-RS-C09,-88.29076488,40.006649509999995
IL-RS,IL-RS-C10,-88.29035235,40.00664424
IL-RS,IL-RS-C11,-88.28994208,40.00663757
IL-RS,IL-RS-C12,-88.28952852000002,40.006630679999994
IL-RS,IL-RS-C14,-88.28870488,40.00662452
IL-RS,IL-RS-C15,-88.28828731,40.006619500000006
IL-RS,IL-RS-C16,-88.28787719,40.006616279999996
IL-RS,IL-RS-C17,-88.2874673,40.00661104000002
IL-RS,IL-RS-C18,-88.28705694,40.00660596
IL-RS,IL-RS-C19,-88.28665404000002,40.00659775
IL-RS,IL-RS-C20,-88.28624742,40.006590489999994
IL-RS,IL-RS-C21,-88.28583194,40.006583269999986
IL-RS,IL-RS-D01,-88.29397629,40.00634233
IL-RS,IL-RS-D02,-88.29364186000001,40.00634318000001
IL-RS,IL-RS-D03,-88.29322846,40.00634088
IL-RS,IL-RS-D04,-88.29282068,40.00634303999999
IL-RS,IL-RS-D05,-88.29241152,40.00634332999999
IL-RS,IL-RS-D07,-88.29158785,40.006336319999996
IL-RS,IL-RS-D08,-88.29117327,40.006332670000006
IL-RS,IL-RS-D09,-88.29076815,40.00632980999999
IL-RS,IL-RS-D10,-88.29035694,40.0063256
IL-RS,IL-RS-D11,-88.2899468,40.006319209999994
IL-RS,IL-RS-D12,-88.2895312,40.006312859999994
IL-RS,IL-RS-D13,-88.28912234,40.00630931
IL-RS,IL-RS-D14,-88.28870867,40.00630660999999
IL-RS,IL-RS-D16,-88.28788532000002,40.00630103999998
IL-RS,IL-RS-D17,-88.2874731,40.006294669999996
IL-RS,IL-RS-D18,-88.28705978,40.00629018
IL-RS,IL-RS-D19,-88.28665591,40.00628302
IL-RS,IL-RS-D20,-88.28624288,40.00627468
IL-RS,IL-RS-D21,-88.28583578,40.00626539999999
IL-RS,IL-RS-E01,-88.2939758,40.00602332
IL-RS,IL-RS-E02,-88.29363977,40.00602351999999
IL-RS,IL-RS-E03,-88.29321945,40.00602895
IL-RS,IL-RS-E04,-88.29282293,40.00602594000001
IL-RS,IL-RS-E05,-88.29240476,40.006021019999984
IL-RS,IL-RS-E06,-88.29198996,40.006012729999995
IL-RS,IL-RS-E07,-88.291574550000007,40.00600522000001
IL-RS,IL-RS-E08,-88.29116744,40.005998659999996
IL-RS,IL-RS-E09,-88.29076211,40.005994519999994
IL-RS,IL-RS-E10,-88.29033938,40.0059871
IL-RS,IL-RS-E11,-88.28993727,40.00598228
IL-RS,IL-RS-E12,-88.28952463,40.00598032999999
IL-RS,IL-RS-E13,-88.28911220000002,40.005981150000004
IL-RS,IL-RS-E14,-88.288703,40.00597705
IL-RS,IL-RS-E15,-88.2882938,40.00597074000001
IL-RS,IL-RS-E16,-88.28788454,40.00596448
IL-RS,IL-RS-E18,-88.28705821,40.00596341
IL-RS,IL-RS-E19,-88.28665724000001,40.00595684
IL-RS,IL-RS-E20,-88.28625156,40.00595677999999
IL-RS,IL-RS-E21,-88.28583449,40.00595243
IL-RS,IL-RS-F01,-88.29396485,40.005709
IL-RS,IL-RS-F02,-88.29362795,40.00571684
IL-RS,IL-RS-F03,-88.29322336,40.00571993
IL-RS,IL-RS-F04,-88.2928078,40.00572005000001
IL-RS,IL-RS-F05,-88.29239941,40.005720520000004
IL-RS,IL-RS-F06,-88.29199194,40.005716840000005
IL-RS,IL-RS-F07,-88.29157668,40.00570819
IL-RS,IL-RS-F08,-88.29116481,40.0057012
IL-RS,IL-RS-F09,-88.29075286,40.00569554999999
IL-RS,IL-RS-F10,-88.29033786,40.00569005999999
IL-RS,IL-RS-F11,-88.2899311,40.00568401
IL-RS,IL-RS-F12,-88.28951877,40.00567672999999
IL-RS,IL-RS-F13,-88.28911776,40.00567131
IL-RS,IL-RS-F14,-88.28870353,40.00566528
IL-RS,IL-RS-F15,-88.28828964,40.005661800000006
IL-RS,IL-RS-F16,-88.28788276,40.00566005000002
IL-RS,IL-RS-F17,-88.28747493,40.00565370999999
IL-RS,IL-RS-F18,-88.28706774,40.00564879
IL-RS,IL-RS-F19,-88.28665581,40.00564098000002
IL-RS,IL-RS-F20,-88.28624653,40.00563747999999
IL-RS,IL-RS-F21,-88.28583285,40.005634259999994
IL-RS,IL-RS-G01,-88.29397002,40.00539328
IL-RS,IL-RS-G02,-88.29363273,40.00539686
IL-RS,IL-RS-G03,-88.29323037,40.00540273000001
IL-RS,IL-RS-G04,-88.29281597,40.00539958
IL-RS,IL-RS-G05,-88.29241003,40.00539830999998
IL-RS,IL-RS-G06,-88.29200231,40.00539724
IL-RS,IL-RS-G07,-88.29159627,40.00539471999999
IL-RS,IL-RS-G08,-88.29118353,40.0053895
IL-RS,IL-RS-G09,-88.29077399,40.005383099999996
IL-RS,IL-RS-G10,-88.29036414,40.00537621
IL-RS,IL-RS-G11,-88.28995471,40.00536773
IL-RS,IL-RS-G12,-88.28954106,40.00536208999999
IL-RS,IL-RS-G13,-88.28913202,40.00535712999999
IL-RS,IL-RS-G14,-88.28871822,40.00535185999998
IL-RS,IL-RS-G15,-88.28830569,40.00535024
IL-RS,IL-RS-G16,-88.28789825,40.005343589999995
IL-RS,IL-RS-G17,-88.28748438,40.00533856
IL-RS,IL-RS-G18,-88.28707355,40.00533382999999
IL-RS,IL-RS-G19,-88.28666111,40.00532579
IL-RS,IL-RS-G20,-88.28624624,40.00532168
IL-RS,IL-RS-G21,-88.28583689,40.00531962
IL-RS,IL-RS-H01,-88.29395249,40.005076599999995
IL-RS,IL-RS-H02,-88.29367553,40.00508332
IL-RS,IL-RS-H03,-88.29326296000002,40.00508567
IL-RS,IL-RS-H04,-88.29285783,40.00508224
IL-RS,IL-RS-H05,-88.29244354000001,40.00507959
IL-RS,IL-RS-H06,-88.29202591,40.00508409999999
IL-RS,IL-RS-H07,-88.29162306,40.00507817
IL-RS,IL-RS-H08,-88.29121431,40.005070329999995
IL-RS,IL-RS-H09,-88.29080193,40.00506488999999
IL-RS,IL-RS-H10,-88.29038571,40.00505851999999
IL-RS,IL-RS-H11,-88.28997302,40.00505145
IL-RS,IL-RS-H12,-88.28956121,40.00504575999999
IL-RS,IL-RS-H13,-88.28914726,40.00503903
IL-RS,IL-RS-H14,-88.28872144,40.005037089999995
IL-RS,IL-RS-H15,-88.28831988,40.00502960999999
IL-RS,IL-RS-H16,-88.28791251,40.00502218
IL-RS,IL-RS-H17,-88.28749873000001,40.00501679
IL-RS,IL-RS-H18,-88.28708388,40.00500961000001
IL-RS,IL-RS-H19,-88.28667123,40.00500949999999
IL-RS,IL-RS-H20,-88.28625329,40.00500350000001
IL-RS,IL-RS-H21,-88.28584247,40.005003509999995
IL-RS,IL-RS-I01,-88.29394475,40.00476119
IL-RS,IL-RS-I02,-88.29368194,40.00475401999999
IL-RS,IL-RS-I03,-88.29327535,40.00474453999999
IL-RS,IL-RS-I04,-88.29286512000002,40.00473472
IL-RS,IL-RS-I05,-88.2924322,40.004739210000004
IL-RS,IL-RS-I06,-88.29200518,40.00474912
IL-RS,IL-RS-I07,-88.29160064,40.00475101
IL-RS,IL-RS-I08,-88.29119057000001,40.00475013999999
IL-RS,IL-RS-I09,-88.29077177,40.00474059
IL-RS,IL-RS-I10,-88.29036787,40.004739189999995
IL-RS,IL-RS-I11,-88.28995342,40.004732489999995
IL-RS,IL-RS-I12,-88.28954471,40.004729239999996
IL-RS,IL-RS-I13,-88.28913214,40.00472304000001
IL-RS,IL-RS-I14,-88.28872273,40.00471917
IL-RS,IL-RS-I15,-88.28830856,40.00471318999999
IL-RS,IL-RS-I16,-88.28789941,40.004712389999995
IL-RS,IL-RS-I17,-88.28749694,40.00470894999999
IL-RS,IL-RS-I18,-88.28707783,40.004705220000005
IL-RS,IL-RS-I19,-88.28666924,40.00469729
IL-RS,IL-RS-I20,-88.28624633,40.004691099999995
IL-RS,IL-RS-I21,-88.28583978,40.004689209999995
IL-RS,IL-RS-J01,-88.29394495,40.004445569999994
IL-RS,IL-RS-J02,-88.29358445,40.00444464
IL-RS,IL-RS-J03,-88.29317226,40.00444916
IL-RS,IL-RS-J04,-88.29277965,40.00446116
IL-RS,IL-RS-J05,-88.29237007,40.00447849999999
IL-RS,IL-RS-J06,-88.29195581,40.00447024
IL-RS,IL-RS-J07,-88.2915465,40.004462079999996
IL-RS,IL-RS-J08,-88.2911283,40.00445417999999
IL-RS,IL-RS-J09,-88.29072398,40.00444774
IL-RS,IL-RS-J10,-88.29031379,40.00444079
IL-RS,IL-RS-J11,-88.28990871,40.00443355
IL-RS,IL-RS-J12,-88.28949388,40.00442866
IL-RS,IL-RS-J13,-88.28909221,40.00442010999999
IL-RS,IL-RS-J14,-88.28869505000002,40.004415290000004
IL-RS,IL-RS-J15,-88.2882835,40.00440936999999
IL-RS,IL-RS-J16,-88.28788305,40.00440307
IL-RS,IL-RS-J17,-88.28747196,40.00439836000001
IL-RS,IL-RS-J18,-88.28705163,40.00439103999998
IL-RS,IL-RS-J19,-88.28665747,40.00438418
IL-RS,IL-RS-J20,-88.28624749,40.00437863999999
IL-RS,IL-RS-J21,-88.28584397,40.00437300000001
IL-RS,IL-RS-K01,-88.29393149,40.004105429999996
IL-RS,IL-RS-K02,-88.29352943,40.00409077999999
IL-RS,IL-RS-K03,-88.29309833,40.00408069
IL-RS,IL-RS-K05,-88.29226215,40.00406751
IL-RS,IL-RS-K06,-88.29183299,40.00406132
IL-RS,IL-RS-K07,-88.29140576,40.00405614
IL-RS,IL-RS-K08,-88.29096496,40.00405016
IL-RS,IL-RS-K09,-88.29054229,40.0040447
IL-RS,IL-RS-K10,-88.29011015,40.00404243999999
IL-RS,IL-RS-K11,-88.28968343,40.00404113
IL-RS,IL-RS-K12,-88.28925351,40.004040839999995
IL-RS,IL-RS-K13,-88.28882886000001,40.00404309
IL-RS,IL-RS-K14,-88.28840179,40.00404565
IL-RS,IL-RS-K15,-88.28797965,40.00405043
IL-RS,IL-RS-K16,-88.28754683,40.00405359999999
IL-RS,IL-RS-K17,-88.28711142,40.00405228999998
IL-RS,IL-RS-K18,-88.28668418,40.00405451999999
IL-RS,IL-RS-K19,-88.28626977,40.00405523
IL-RS,IL-RS-K20,-88.28583815,40.00405843
IL-RS,IL-RS-L01,-88.29392444,40.003815239999994
IL-RS,IL-RS-L07,-88.29133432,40.00375736
IL-RS,IL-RS-L08,-88.29072759,40.00374270999999
IL-RS,IL-RS-L09,-88.29047521,40.00373425
IL-RS,IL-RS-L10,-88.29003386,40.00372904
IL-RS,IL-RS-L11,-88.28961329,40.003727579999996
IL-RS,IL-RS-L12,-88.28916612,40.00372679
IL-RS,IL-RS-L13,-88.28873226,40.00372502
IL-PT,1,-88.5865390997,39.835835817299994
IL-PT,2,-88.5874373198,39.835835817299994
IL-PT,3,-88.5883415998,39.8358358173
IL-PT,4,-88.5892449968,39.835835817299994
IL-PT,5,-88.5901501198,39.8358358173
IL-PT,6,-88.5910340895,39.83583581730001
IL-PT,7,-88.5919301497,39.835835817299994
IL-PT,8,-88.5928236373,39.835835817299994
IL-PT,9,-88.5932873994,39.836061709099994
IL-PT,10,-88.5923766607,39.836061709099994
IL-PT,11,-88.5914832912,39.83606170910001
IL-PT,12,-88.5905873986,39.836061709099994
IL-PT,13,-88.5896972134,39.836061709099994
IL-PT,15,-88.5878875827,39.8360617091
IL-PT,16,-88.5869869711,39.8360617091
IL-PT,17,-88.5865390997,39.8362675705
IL-PT,18,-88.5874373198,39.836267570499984
IL-PT,19,-88.5883415998,39.8362675705
IL-PT,20,-88.5892449968,39.8362675705
IL-PT,22,-88.5910340895,39.83626757049999
IL-PT,23,-88.5919301497,39.836267570499984
IL-PT,24,-88.5928236373,39.8362675705
IL-PT,25,-88.5932873994,39.83651987879999
IL-PT,26,-88.5923766607,39.8365198788
IL-PT,27,-88.5914832912,39.8365198788
IL-PT,28,-88.5905873986,39.8365198788
IL-PT,29,-88.5896972134,39.83651987879999
IL-PT,30,-88.5887913179,39.836519878800004
IL-PT,31,-88.5878875827,39.836519878800004
IL-PT,32,-88.5883415998,39.83671407639999
IL-PT,33,-88.5892449968,39.836714076399986
IL-PT,34,-88.5901501198,39.8367140764
IL-PT,35,-88.5910340895,39.83671407639999
IL-PT,36,-88.5919301497,39.83671407639999
IL-PT,37,-88.5928236373,39.836714076399986
IL-PT,38,-88.5932873994,39.83693794559999
IL-PT,39,-88.5923766607,39.836937945600006
IL-PT,40,-88.5914832912,39.83693794559999
IL-PT,41,-88.5905873986,39.83693794559999
IL-PT,42,-88.5896972134,39.83693794559999
IL-PT,43,-88.5887913179,39.83693794559999
IL-PT,44,-88.5878875827,39.83693794559999
IL-PT,45,-88.5883415998,39.8371415465
IL-PT,46,-88.5892449968,39.83714154649999
IL-PT,47,-88.5901501198,39.8371415465
IL-PT,48,-88.5910340895,39.837141546499986
IL-PT,49,-88.5919301497,39.83714154649999
IL-PT,50,-88.5928236373,39.8371415465
IL-PT,51,-88.5932873994,39.8373763613
IL-PT,52,-88.5923766607,39.8373763613
IL-PT,53,-88.5914832912,39.83737636129999
IL-PT,54,-88.5905873986,39.837376361299995
IL-PT,55,-88.5896972134,39.83737636129998
IL-PT,56,-88.5887913179,39.8373763613
IL-PT,57,-88.5883415998,39.83759483389999
IL-PT,58,-88.5892449968,39.8375948339
IL-PT,59,-88.5901501198,39.83759483389999
IL-PT,60,-88.5910340895,39.83759483389999
IL-PT,61,-88.5919301497,39.83759483389999
IL-PT,62,-88.5928236373,39.83759483389999
IL-PT,63,-88.5932873994,39.837823105099986
IL-PT,64,-88.5923766607,39.8378231051
IL-PT,65,-88.5914832912,39.8378231051
IL-PT,66,-88.5905873986,39.8378231051
IL-PT,67,-88.5896972134,39.8378231051
IL-PT,68,-88.5887913179,39.837823105099986
IL-PT,69,-88.5892449968,39.838027895799996
IL-PT,70,-88.5901501198,39.8380278958
IL-PT,71,-88.5910340895,39.838027895799996
IL-PT,72,-88.5919301497,39.838027895799996
IL-PT,73,-88.5928236373,39.8380278958
IL-PT,74,-88.5932873994,39.83826568480001
IL-PT,75,-88.5923766607,39.83826568479999
IL-PT,76,-88.5914832912,39.83826568479999
IL-PT,77,-88.5905873986,39.838265684799985
IL-PT,78,-88.5896972134,39.8382656848
IL-PT,79,-88.5892449968,39.83845441409999
IL-PT,80,-88.5901501198,39.8384544141
IL-PT,81,-88.5910340895,39.83845441409999
IL-PT,82,-88.5919301497,39.838454414100006
IL-PT,83,-88.5928236373,39.838454414100006
IL-PT,84,-88.5932873994,39.8387118338
IL-PT,85,-88.5923766607,39.83871183380001
IL-PT,86,-88.5914832912,39.8387118338
IL-PT,87,-88.5905873986,39.8387118338
IL-PT,89,-88.5901501198,39.83890948610001
IL-PT,90,-88.5910340895,39.8389094861
IL-PT,91,-88.5919301497,39.83890948609999
IL-PT,92,-88.5928236373,39.83890948610001
IL-PT,93,-88.5932873994,39.839149059699984
IL-PT,94,-88.5923766607,39.83914905969999
IL-PT,95,-88.5914832912,39.839149059700006
IL-PT,96,-88.5905873986,39.83914905969999
IL-DG,3,-88.23384,39.721398699999995
IL-DG,4,-88.233821,39.7209258
IL-DG,5,-88.233836,39.7204054
IL-DG,6,-88.233855,39.719888100000006
IL-DG,7,-88.233825,39.7193666
IL-DG,9,-88.233847,39.71831770000001
IL-DG,10,-88.233864,39.71781349999999
IL-DG,11,-88.234241,39.717558200000006
IL-DG,12,-88.234223,39.718068099999996
IL-DG,13,-88.234206,39.71857239999999
IL-DG,14,-88.234206,39.719101
IL-DG,15,-88.234184,39.7196212
IL-DG,16,-88.234194,39.7201815
IL-DG,17,-88.234195,39.720660099999996
IL-DG,18,-88.234198,39.72117479999999
IL-DG,19,-88.234199,39.7216915
IL-DG,20,-88.23417700000002,39.722223699999994
IL-DG,21,-88.234584,39.7219335
IL-DG,22,-88.234543,39.7214014
IL-DG,23,-88.234542,39.7209228
IL-DG,24,-88.234556,39.720402499999985
IL-DG,25,-88.234575,39.71988509999999
IL-DG,26,-88.234545,39.71936360000001
IL-DG,27,-88.234568,39.7188434
IL-DG,28,-88.234567,39.7183148
IL-DG,29,-88.234585,39.7178105
IL-DG,30,-88.23496100000001,39.71755519999999
IL-DG,31,-88.234944,39.71806509999999
IL-DG,32,-88.234926,39.71856939999999
IL-DG,33,-88.234927,39.719098
IL-DG,34,-88.234904,39.719618200000006
IL-DG,35,-88.23491400000002,39.72017859999999
IL-DG,37,-88.234901,39.72117750000001
IL-DG,38,-88.23492,39.72168849999999
IL-DG,39,-88.234898,39.72222070000001
IL-DG,40,-88.235288,39.721912799999984
IL-DG,41,-88.235269,39.721401799999995
IL-DG,42,-88.235268,39.720923199999994
IL-DG,43,-88.235283,39.72040290000001
IL-DG,44,-88.235302,39.7198855
IL-DG,45,-88.235271,39.719364
IL-DG,46,-88.235294,39.718843799999995
IL-DG,47,-88.235293,39.71831519999999
IL-DG,48,-88.23531100000001,39.717810899999996
IL-DG,49,-88.235687,39.717555600000004
IL-DG,50,-88.23567,39.71806550000001
IL-DG,51,-88.235652,39.71856979999999
IL-DG,52,-88.23565300000001,39.71909840000001
IL-DG,53,-88.23563,39.71961859999999
IL-DG,54,-88.235641,39.7201789
IL-DG,55,-88.235642,39.72065750000001
IL-DG,57,-88.235646,39.72168889999999
IL-DG,58,-88.236007,39.7213932
IL-DG,59,-88.235988,39.7209202
IL-DG,60,-88.23600300000001,39.72039989999998
IL-DG,61,-88.236022,39.7198825
IL-DG,62,-88.235992,39.719361
IL-DG,63,-88.236015,39.718840799999995
IL-DG,64,-88.236014,39.7183122
IL-DG,66,-88.236408,39.7175526
IL-DG,67,-88.23639000000001,39.7180625
IL-DG,68,-88.236373,39.7185668
IL-DG,69,-88.236374,39.71909539999999
IL-DG,70,-88.236351,39.71961559999998
IL-DG,71,-88.236361,39.720175999999995
IL-DG,72,-88.236362,39.7206545
IL-DG,73,-88.236347,39.721174899999994
IL-DG,74,-88.236366,39.7216859
IL-DG,75,-88.23673,39.7214429
IL-DG,76,-88.236729,39.7209643
IL-DG,77,-88.236743,39.720444
IL-DG,78,-88.236762,39.719926599999994
IL-DG,79,-88.23673200000002,39.719405099999996
IL-DG,80,-88.236755,39.7188849
IL-DG,81,-88.236754,39.7183563
IL-DG,82,-88.236772,39.71785199999999
IL-DG,83,-88.237148,39.717596699999994
IL-DG,84,-88.237131,39.71810659999999
IL-DG,85,-88.237113,39.71861090000001
IL-DG,86,-88.237114,39.7191395
IL-DG,87,-88.237091,39.7196597
IL-DG,88,-88.237101,39.720220099999985
IL-DG,89,-88.237102,39.7206986
IL-DG,90,-88.237088,39.72121899999999
IL-DG,91,-88.237449,39.720961299999985
IL-DG,92,-88.237464,39.72044100000001
IL-DG,93,-88.237483,39.7199236
IL-DG,94,-88.237453,39.719402099999996
IL-DG,95,-88.237475,39.71888189999999
IL-DG,97,-88.237492,39.717848999999994
IL-DG,98,-88.23792,39.7175849
IL-DG,99,-88.23790300000002,39.718094799999996
IL-DG,100,-88.237885,39.7185991
IL-DG,101,-88.237886,39.719127699999994
IL-DG,102,-88.237863,39.7196479
IL-DG,103,-88.237874,39.720208199999995
IL-DG,104,-88.237874,39.720686799999996
IL-MC,1,-89.06433841,39.72430196
IL-MC,2,-89.06435812,39.72396708000001
IL-MC,3,-89.06436718,39.72378258
IL-MC,4,-89.0643353,39.72358718
IL-MC,5,-89.06432908,39.7232988
IL-MC,6,-89.06434896000002,39.72297948999999
IL-MC,7,-89.06435201,39.72265643999999
IL-MC,8,-89.06280794,39.72430446999999
IL-MC,9,-89.06278136,39.723676860000005
IL-MC,10,-89.06276196,39.72329566999999
IL-MC,11,-89.0623084,39.72414935999999
IL-MC,12,-89.06229034,39.72397482000001
IL-MC,13,-89.06170818,39.72381043
IL-MC,14,-89.06133925,39.724273979999985
IL-MC,15,-89.06365318,39.72149232
IL-MC,16,-89.06313486,39.72199715000001
IL-MC,17,-89.06290524,39.72132138
IL-MC,18,-89.06270603,39.72168292
IL-MC,19,-89.0617726,39.72229446999999
IL-MC,20,-89.06138811,39.722007780000006
IL-MC,21,-89.06135322,39.72145582
IL-MC,22,-89.06133727,39.72131026
IL-MC,23,-89.06090468,39.722645009999994
IL-MC,24,-89.06086897,39.72245038
IL-MC,25,-89.06091775,39.72162318
IL-MC,26,-89.06024808,39.72331187000001
IL-MC,27,-89.0602587,39.72298086000001
IL-MC,28,-89.06025747,39.72229809000001
IL-MC,29,-89.05959865,39.72383081
IL-MC,30,-89.05967136,39.72365163999999
IL-MC,31,-89.05952588000001,39.72132018
IL-MC,32,-89.05931362,39.72230507
IL-MC,33,-89.05929973,39.72198783999999
IL-MC,34,-89.0589293,39.722663530000005
IL-MC,35,-89.05894196,39.72166094
IL-MC,36,-89.05846647,39.72430107999999
IL-MC,37,-89.05852765,39.723967359999996
IL-MC,38,-89.05852584,39.723654909999986
IL-MC,39,-89.05850867,39.723312230000005
IL-MC,40,-89.05852385,39.72298849
IL-MC,41,-89.05855679,39.72216105
IL-MC,42,-89.05822657,39.72248156999999
IL-MC,43,-89.05804675,39.72200739
IL-MC,44,-89.05763592,39.724160989999994
IL-MC,45,-89.05763886,39.7231394
IL-MC,46,-89.05752018,39.72231872
IL-MC,47,-89.05714442,39.72264121
IL-MC,48,-89.05661436,39.724300320000005
IL-MC,49,-89.0566583,39.72396461000001
IL-MC,50,-89.05657211,39.72369299
IL-MC,51,-89.05664003,39.723336319999994
IL-MC,52,-89.0566577,39.72295651000002
IL-BR,501-1,-90.19070581290642,39.05514698839897
IL-BR,501-2,-90.19028160883184,39.055151670844516
IL-BR,501-3,-90.18985740467893,39.05515635174003
IL-BR,502-1,-90.18918349120985,39.05536958535681
IL-BR,502-2,-90.18893398243539,39.05538134014544
IL-BR,502-3,-90.18868447360664,39.055393094486455
IL-BR,503-1,-90.18918265875178,39.054986737018105
IL-BR,503-2,-90.18893382743133,39.05498992356214
IL-BR,503-3,-90.18868499623602,39.05499310957647
IL-BR,504-1,-90.18918640154097,39.05460720775572
IL-BR,504-2,-90.18893616407564,39.054610529144796
IL-BR,504-3,-90.18868592650743,39.054613849902566
IL-BR,505-1,-90.18804712972258,39.05548490248687
IL-BR,505-2,-90.18766075593079,39.05548768312185
IL-BR,505-3,-90.18727438206707,39.05549046256107
IL-BR,506-1,-90.1864918936533,39.05549292701178
IL-BR,506-2,-90.18609577914103,39.05549261195906
IL-BR,506-3,-90.18569966459829,39.05549229555639
IL-BR,508-3,-90.1863072914857,39.0546273387051
IL-BR,508-2,-90.18630475957222,39.05440718549419
IL-BR,508-1,-90.18630222763313,39.054187032276474
IL-BR,521-2,-90.18658363882636,39.057292084043596
IL-BR,521-1,-90.18629859438983,39.057291587409594
IL-BR,521-3,-90.18644528830913,39.057445340783104
IL-BR,520-2,-90.18571438078571,39.05743851525354
IL-BR,520-1,-90.18541533159362,39.05743486976303
IL-BR,520-3,-90.18556553384744,39.05728488123214
IL-BR,519-2,-90.18471059638138,39.057424092396175
IL-BR,519-1,-90.18484545702961,39.057272607514236
IL-BR,519-3,-90.18457339638506,39.05726654364184
IL-BR,518-1,-90.18396823568199,39.05737003011983
IL-BR,518-2,-90.18362963830171,39.057367989036386
IL-BR,518-3,-90.18380003413637,39.05716277719104
IL-BR,513-1,-90.18646858391611,39.0569229337901
IL-BR,513-2,-90.18659388005204,39.05671110146416
IL-BR,513-3,-90.18633609743547,39.05670425347133
IL-BR,514-2,-90.18590486009174,39.05691487327182
IL-BR,514-1,-90.18572849355121,39.05691117445849
IL-BR,514-3,-90.18581712907941,39.056691507735465
IL-BR,515-2,-90.18519917237337,39.05690525917118
IL-BR,515-1,-90.18532185021976,39.05668564808291
IL-BR,515-3,-90.18508775724867,39.05668568572102
IL-BR,516-2,-90.1846639154128,39.05683846718206
IL-BR,516-3,-90.18447914312034,39.056834676555866
IL-BR,516-1,-90.18457479212977,39.056560963614814
IL-BR,517-1,-90.1836951617556,39.05661934608618
IL-BR,517-2,-90.18350060015084,39.05661446192683
IL-BR,517-3,-90.18360328268783,39.05636036746523
IL-BR,512-2,-90.18659552582098,39.05621896170963
IL-BR,512-3,-90.1863299155486,39.05621080708999
IL-BR,512-1,-90.18646404785177,39.05593734765997
IL-BR,511-1,-90.18580608523547,39.05619925125737
IL-BR,511-2,-90.18588079530569,39.05592869599359
IL-BR,511-3,-90.18570838310099,39.05592832573427
IL-BR,510-2,-90.18522609432809,39.05619548450631
IL-BR,510-1,-90.18490432378059,39.056195118232964
IL-BR,510-3,-90.18506580811561,39.055925181036095
IL-BR,509-1,-90.18361080464616,39.05586688532266
IL-BR,509-3,-90.18370800323125,39.05563151485368
IL-BR,509-2,-90.18351784622237,39.05562836467943
IL-BR,507-2,-90.18583651866163,39.05516557039126
IL-BR,507-3,-90.18556728807698,39.055166160710115
IL-BR,507-1,-90.18570095577113,39.05500653175693
IL-RD,RD-A1,-88.2167952,39.89086884000001
IL-RD,RD-A10,-88.21295833,39.89091738
IL-RD,RD-A11,-88.21253139,39.89092031999999
IL-RD,RD-A12,-88.21210636,39.89092639
IL-RD,RD-A13,-88.21167996,39.890930909999994
IL-RD,RD-A14,-88.21125268,39.89093541999999
IL-RD,RD-A15,-88.21082628,39.89094009
IL-RD,RD-A16,-88.2104021,39.89094420000001
IL-RD,RD-A17,-88.20997438,39.890948339999994
IL-RD,RD-A18,-88.20954796,39.89095343
IL-RD,RD-A19,-88.20912212000002,39.89095791999999
IL-RD,RD-A2,-88.21636902,39.89087444
IL-RD,RD-A20,-88.20869467,39.890963629999995
IL-RD,RD-A21,-88.20826958,39.89096728999999
IL-RD,RD-A3,-88.21594014,39.890878009999994
IL-RD,RD-A4,-88.21551452,39.89089001
IL-RD,RD-A5,-88.21508776,39.890893889999994
IL-RD,RD-A6,-88.21466241,39.89089778000001
IL-RD,RD-A7,-88.21423836,39.89090327000001
IL-RD,RD-A8,-88.21381277,39.89090965
IL-RD,RD-A9,-88.21338513,39.89091301
IL-RD,RD-B1,-88.2167984,39.890548509999995
IL-RD,RD-B10,-88.21295478,39.89058587
IL-RD,RD-B11,-88.21252741,39.89059131
IL-RD,RD-B12,-88.21209997,39.89059513
IL-RD,RD-B13,-88.21167366,39.89060000999999
IL-RD,RD-B14,-88.21124446,39.89060427999999
IL-RD,RD-B15,-88.21081874000001,39.890609729999994
IL-RD,RD-B16,-88.21039157000001,39.890615309999994
IL-RD,RD-B17,-88.2099675,39.890619259999994
IL-RD,RD-B18,-88.20954164000001,39.8906232
IL-RD,RD-B19,-88.20911243,39.89062817999999
IL-RD,RD-B2,-88.21637408,39.890553600000004
IL-RD,RD-B20,-88.20868583,39.89063258000001
IL-RD,RD-B21,-88.2082594,39.89063618
IL-RD,RD-B4,-88.21551734,39.890559259999996
IL-RD,RD-B5,-88.21508576,39.89056352
IL-RD,RD-B6,-88.21466223,39.89056823999999
IL-RD,RD-B7,-88.21423176,39.89057296000001
IL-RD,RD-B8,-88.2138057,39.89057763999999
IL-RD,RD-B9,-88.21337915,39.89058152999999
IL-RD,RD-C1,-88.21674354,39.89021691
IL-RD,RD-C10,-88.21293615000002,39.89025801
IL-RD,RD-C11,-88.21251118,39.89026228
IL-RD,RD-C12,-88.21209079,39.89026663999999
IL-RD,RD-C13,-88.21166512,39.89027144000001
IL-RD,RD-C14,-88.21123831,39.89027595999999
IL-RD,RD-C15,-88.21081373,39.89028038
IL-RD,RD-C16,-88.21038552,39.890285989999995
IL-RD,RD-C17,-88.20996329,39.89028968000001
IL-RD,RD-C18,-88.20953887,39.89029463999999
IL-RD,RD-C19,-88.20911338,39.89029776000001
IL-RD,RD-C2,-88.21631663,39.890223520000006
IL-RD,RD-C20,-88.20868369000002,39.89030379999999
IL-RD,RD-C21,-88.20825853,39.890306820000006
IL-RD,RD-C3,-88.2158885,39.89022627999999
IL-RD,RD-C4,-88.21546026,39.89023147
IL-RD,RD-C5,-88.21506647,39.89023473
IL-RD,RD-C6,-88.21463952,39.89023955999999
IL-RD,RD-C7,-88.21421672,39.89024361
IL-RD,RD-C8,-88.2137908,39.89024868999999
IL-RD,RD-C9,-88.21336217,39.89025337
IL-RD,RD-D1,-88.21676985000002,39.889886579999995
IL-RD,RD-D10,-88.21290079000002,39.88991471
IL-RD,RD-D11,-88.2124715,39.88991951
IL-RD,RD-D12,-88.21204276,39.8899237
IL-RD,RD-D13,-88.21161608,39.88992781000001
IL-RD,RD-D14,-88.21118592,39.889933559999996
IL-RD,RD-D15,-88.21075352,39.88993821
IL-RD,RD-D16,-88.21032551,39.88994281
IL-RD,RD-D17,-88.20989201,39.88994686
IL-RD,RD-D18,-88.20946338,39.88995171
IL-RD,RD-D19,-88.20903329000001,39.88995561
IL-RD,RD-D20,-88.20860607,39.88996096
IL-RD,RD-D21,-88.20817716,39.889965540000006
IL-RD,RD-D3,-88.21590993,39.889882
IL-RD,RD-D4,-88.21547933,39.889887220000006
IL-RD,RD-D5,-88.21504911,39.88989141
IL-RD,RD-D6,-88.21461849,39.889896189999995
IL-RD,RD-D7,-88.21418790000001,39.889900579999996
IL-RD,RD-D8,-88.21375679,39.88990508
IL-RD,RD-D9,-88.21332943,39.88990987999999
IL-RD,RD-E1,-88.21678454,39.88955906
IL-RD,RD-E10,-88.21292622,39.88959761
IL-RD,RD-E11,-88.21249908,39.88960166
IL-RD,RD-E12,-88.21207231,39.88960659999999
IL-RD,RD-E13,-88.2116454,39.889610590000004
IL-RD,RD-E14,-88.21122316,39.88961548
IL-RD,RD-E15,-88.21079342,39.88961973999999
IL-RD,RD-E16,-88.21036559,39.88962433999999
IL-RD,RD-E17,-88.20993822,39.889629119999995
IL-RD,RD-E18,-88.20950883,39.889633739999994
IL-RD,RD-E19,-88.20908323,39.88963836
IL-RD,RD-E2,-88.21635966,39.88956021999999
IL-RD,RD-E20,-88.20865601,39.88964292000001
IL-RD,RD-E21,-88.20822333,39.88964828000001
IL-RD,RD-E3,-88.21593308,39.88956492
IL-RD,RD-E4,-88.21550447,39.88956961
IL-RD,RD-E5,-88.21506937,39.88957493
IL-RD,RD-E6,-88.21464014,39.88957868999999
IL-RD,RD-E7,-88.21421337,39.88958356999999
IL-RD,RD-E8,-88.21378547,39.88958791
IL-RD,RD-E9,-88.2133578,39.889593399999995
IL-RD,RD-F10,-88.21292782,39.88926723999999
IL-RD,RD-F11,-88.21250699,39.88927181999999
IL-RD,RD-F12,-88.21207916,39.88927686
IL-RD,RD-F13,-88.21165305,39.88928123000001
IL-RD,RD-F14,-88.21122847,39.88928579
IL-RD,RD-F15,-88.21080041,39.88929001999999
IL-RD,RD-F16,-88.21037434,39.88929461
IL-RD,RD-F17,-88.20994965,39.8892995
IL-RD,RD-F18,-88.20952484,39.88930384999999
IL-RD,RD-F19,-88.20909799,39.889308729999996
IL-RD,RD-F2,-88.21635718,39.889230819999995
IL-RD,RD-F20,-88.20867019,39.88931321
IL-RD,RD-F21,-88.20824301,39.88931804
IL-RD,RD-F3,-88.2159164,39.88923535999999
IL-RD,RD-F4,-88.21549103,39.88923892999999
IL-RD,RD-F5,-88.21506419,39.88924408
IL-RD,RD-F6,-88.21463293,39.88924989000001
IL-RD,RD-F7,-88.21420382,39.889254449999996
IL-RD,RD-F8,-88.21377636,39.88925895999999
IL-RD,RD-F9,-88.21335178,39.88926392
IL-RD,RD-G1,-88.21677214,39.888886619999994
IL-RD,RD-G10,-88.21293686,39.88892758
IL-RD,RD-G11,-88.21250671,39.888932959999984
IL-RD,RD-G12,-88.21207789,39.88893738
IL-RD,RD-G13,-88.21164354,39.88894257
IL-RD,RD-G14,-88.21122113,39.88894637
IL-RD,RD-G15,-88.21079046,39.888951539999994
IL-RD,RD-G16,-88.21035553,39.88895659
IL-RD,RD-G17,-88.20992114,39.88896108
IL-RD,RD-G18,-88.20948166,39.88896542999999
IL-RD,RD-G19,-88.2090544,39.88896978999999
IL-RD,RD-G2,-88.21634950000002,39.88889159000001
IL-RD,RD-G20,-88.20862276,39.88897364
IL-RD,RD-G21,-88.20818465,39.88897869000001
IL-RD,RD-G3,-88.21592204,39.888896179999996
IL-RD,RD-G4,-88.21549283,39.88890105000001
IL-RD,RD-G5,-88.21506579,39.888905990000005
IL-RD,RD-G6,-88.21464024,39.88891043
IL-RD,RD-G7,-88.21421423,39.88891500000001
IL-RD,RD-G8,-88.21378922,39.88891843
IL-RD,RD-G9,-88.21336175,39.88892288999999
IL-RD,RD-H1,-88.21678522,39.888554679999984
IL-RD,RD-H10,-88.21293382,39.88859459999999
IL-RD,RD-H11,-88.21250439,39.88859942999999
IL-RD,RD-H12,-88.21207684,39.888604029999996
IL-RD,RD-H13,-88.21163672,39.88860872000001
IL-RD,RD-H14,-88.21119541,39.88861328999999
IL-RD,RD-H15,-88.21076636,39.88861846999999
IL-RD,RD-H16,-88.21033559,39.88862220000001
IL-RD,RD-H17,-88.20990653000001,39.88862751999999
IL-RD,RD-H18,-88.20947194,39.888632339999994
IL-RD,RD-H19,-88.2090338,39.888637100000004
IL-RD,RD-H2,-88.21637533,39.888557539999994
IL-RD,RD-H20,-88.20859688,39.88864164999999
IL-RD,RD-H21,-88.20816547,39.88864605999999
IL-RD,RD-H3,-88.21594749,39.88856261
IL-RD,RD-H4,-88.21552301,39.88856811
IL-RD,RD-H5,-88.21509061,39.88857204
IL-RD,RD-H6,-88.21465382,39.88857699
IL-RD,RD-H7,-88.2142247,39.888581669999994
IL-RD,RD-H8,-88.21379562,39.88858586
IL-RD,RD-H9,-88.21336757,39.88859124999999
IL-RD,RD-I1,-88.21678783,39.88822138999999
IL-RD,RD-I10,-88.21289657,39.88826292
IL-RD,RD-I11,-88.21246581,39.88826732
IL-RD,RD-I12,-88.21203876,39.888271859999996
IL-RD,RD-I13,-88.21160533,39.88827625
IL-RD,RD-I14,-88.21117562000002,39.88828069000001
IL-RD,RD-I15,-88.21074726,39.88828613
IL-RD,RD-I16,-88.21031355,39.88829074
IL-RD,RD-I17,-88.20988593,39.88829506999999
IL-RD,RD-I18,-88.20945458,39.88829955999999
IL-RD,RD-I19,-88.20902303,39.88830431
IL-RD,RD-I2,-88.21633905000002,39.88822541999999
IL-RD,RD-I20,-88.20858907,39.88830933
IL-RD,RD-I21,-88.20814382,39.88831554
IL-RD,RD-I3,-88.21590617,39.888230400000005
IL-RD,RD-I4,-88.21547119,39.888234839999996
IL-RD,RD-I5,-88.21504674,39.88823956
IL-RD,RD-I6,-88.21461691,39.88824378000001
IL-RD,RD-I7,-88.21419091,39.88824904
IL-RD,RD-I8,-88.21375607,39.88825314
IL-RD,RD-I9,-88.21332949,39.88825841
IL-RD,RD-J1,-88.21680027,39.88789185
IL-RD,RD-J10,-88.21288929,39.8879326
IL-RD,RD-J11,-88.2124599,39.88793776000001
IL-RD,RD-J12,-88.21202923,39.88794166
IL-RD,RD-J13,-88.21159349,39.88794653
IL-RD,RD-J14,-88.21115684,39.8879513
IL-RD,RD-J15,-88.21072824,39.88795612
IL-RD,RD-J16,-88.21029925,39.88796016
IL-RD,RD-J17,-88.2098729,39.88796486999999
IL-RD,RD-J18,-88.20944527,39.887969039999994
IL-RD,RD-J19,-88.20901219,39.887974009999994
IL-RD,RD-J2,-88.21637218,39.88789588
IL-RD,RD-J20,-88.20858371,39.88797882000001
IL-RD,RD-J21,-88.20814413,39.88798343
IL-RD,RD-J3,-88.21593366,39.88790073
IL-RD,RD-J4,-88.21550528,39.88790518
IL-RD,RD-J5,-88.21507458,39.88791029
IL-RD,RD-J6,-88.21463386,39.88791397999999
IL-RD,RD-J7,-88.21419997,39.88791869
IL-RD,RD-J8,-88.2137712,39.88792379999999
IL-RD,RD-J9,-88.21333578,39.887927829999995
IL-RD,RD-K1,-88.21680675,39.88756178999999
IL-RD,RD-K10,-88.21287172,39.88760412999999
IL-RD,RD-K11,-88.21244612,39.88760871000001
IL-RD,RD-K12,-88.21201681,39.88761352
IL-RD,RD-K13,-88.21158523,39.88761763999999
IL-RD,RD-K14,-88.21115331,39.88762285
IL-RD,RD-K15,-88.21072255,39.887627689999995
IL-RD,RD-K16,-88.2102866,39.88763094
IL-RD,RD-K17,-88.2098538,39.887633509999986
IL-RD,RD-K18,-88.20942273,39.887640389999994
IL-RD,RD-K19,-88.20898975,39.88764582
IL-RD,RD-K2,-88.21637483000002,39.887566389999996
IL-RD,RD-K20,-88.20855561,39.88765043999999
IL-RD,RD-K21,-88.20812359,39.88765516000001
IL-RD,RD-K3,-88.21593813,39.88757176
IL-RD,RD-K4,-88.21550149,39.88757581
IL-RD,RD-K5,-88.2150591,39.88757957
IL-RD,RD-K6,-88.21462718,39.88758612
IL-RD,RD-K7,-88.21419287,39.88759063999999
IL-RD,RD-K8,-88.21375116,39.88759492999999
IL-RD,RD-K9,-88.21330009,39.88759965
IL-RD,RD-L1,-88.21672586,39.88729214
IL-RD,RD-L10,-88.21286306,39.887331980000006
IL-RD,RD-L11,-88.21243468,39.887336440000006
IL-RD,RD-L12,-88.21200404,39.887341969999994
IL-RD,RD-L13,-88.21157347,39.88734699
IL-RD,RD-L14,-88.21114355,39.88734743
IL-RD,RD-L15,-88.21071204,39.88735026
IL-RD,RD-L16,-88.21028034,39.88735975000001
IL-RD,RD-L17,-88.20985271000002,39.88736426
IL-RD,RD-L18,-88.20942568,39.88736885999999
IL-RD,RD-L19,-88.20899335,39.8873737
IL-RD,RD-L2,-88.2162997,39.88729606999999
IL-RD,RD-L20,-88.20857934,39.88737788000001
IL-RD,RD-L21,-88.20814440000001,39.88738287999999
IL-RD,RD-L3,-88.21587309,39.88730081
IL-RD,RD-L4,-88.21544351,39.887306679999995
IL-RD,RD-L5,-88.21501537,39.887309139999985
IL-RD,RD-L6,-88.21458277,39.88731454999999
IL-RD,RD-L7,-88.21415654,39.88731937
IL-RD,RD-L8,-88.2137295,39.88732302999999
IL-RD,RD-L9,-88.21329344,39.88732783999999
IL-RT,RT-A1,-88.15121812,39.886340440000005
IL-RT,RT-A10,-88.15121501,39.883371999999994
IL-RT,RT-A11,-88.15121403,39.88304102000001
IL-RT,RT-A12,-88.15121324,39.88270901999999
IL-RT,RT-A13,-88.15121406,39.88238211
IL-RT,RT-A14,-88.15121416,39.88205255
IL-RT,RT-A15,-88.15121694,39.88172093000001
IL-RT,RT-A16,-88.15121431,39.88139136
IL-RT,RT-A17,-88.15121776,39.88094308
IL-RT,RT-A18,-88.15121462,39.880614659999985
IL-RT,RT-A19,-88.15121712,39.880285799999996
IL-RT,RT-A2,-88.15121461,39.88601225999999
IL-RT,RT-A3,-88.15121364,39.885679
IL-RT,RT-A4,-88.15121382,39.88535061999999
IL-RT,RT-A5,-88.15121695,39.885021900000005
IL-RT,RT-A6,-88.15121769,39.88469215999999
IL-RT,RT-A7,-88.15121607,39.884363040000004
IL-RT,RT-A8,-88.15121513,39.88403542999999
IL-RT,RT-A9,-88.15121505,39.88370667000001
IL-RT,RT-B1,-88.15162222,39.88635028000001
IL-RT,RT-B10,-88.15165227,39.883387479999996
IL-RT,RT-B11,-88.15165115,39.883053889999985
IL-RT,RT-B12,-88.15165006,39.88272102
IL-RT,RT-B13,-88.15164926,39.882391379999994
IL-RT,RT-B14,-88.15164811,39.88205876999999
IL-RT,RT-B15,-88.15164702,39.88172830999999
IL-RT,RT-B16,-88.15164581,39.88139701
IL-RT,RT-B17,-88.15164400000002,39.88094623999999
IL-RT,RT-B18,-88.15164468,39.88061465999999
IL-RT,RT-B19,-88.15164239000002,39.880283049999996
IL-RT,RT-B2,-88.15163019,39.88602450999999
IL-RT,RT-B3,-88.15163158,39.885706799999994
IL-RT,RT-B4,-88.1516358,39.88537531000001
IL-RT,RT-B5,-88.15163857,39.88504553
IL-RT,RT-B6,-88.15164677,39.88471582
IL-RT,RT-B7,-88.15164634,39.88438426
IL-RT,RT-B8,-88.15165074,39.884051729999996
IL-RT,RT-B9,-88.15165296,39.88371998
IL-RT,RT-C1,-88.15205606,39.886352529999996
IL-RT,RT-C10,-88.1520785,39.88332875999999
IL-RT,RT-C11,-88.15207689,39.88299428999999
IL-RT,RT-C12,-88.15207673,39.882656880000006
IL-RT,RT-C13,-88.15207545,39.882322
IL-RT,RT-C14,-88.15207558000002,39.88198671
IL-RT,RT-C15,-88.15207338,39.88164894
IL-RT,RT-C16,-88.15207261,39.881339620000006
IL-RT,RT-C17,-88.15207222,39.88094779
IL-RT,RT-C18,-88.15207176,39.88061437
IL-RT,RT-C19,-88.15207118,39.880282259999994
IL-RT,RT-C2,-88.15208052,39.88601674000001
IL-RT,RT-C3,-88.15208613,39.88568435999999
IL-RT,RT-C4,-88.15208554,39.885350319999986
IL-RT,RT-C5,-88.1520847,39.885013920000006
IL-RT,RT-C6,-88.15208366,39.88467649
IL-RT,RT-C7,-88.15208206,39.88433946
IL-RT,RT-C8,-88.15208182,39.88400638000001
IL-RT,RT-C9,-88.15207985,39.883670110000004
IL-RT,RT-D1,-88.15252448,39.88634658
IL-RT,RT-D10,-88.15251676,39.88336719000001
IL-RT,RT-D11,-88.15251509,39.88302726
IL-RT,RT-D12,-88.15251356,39.88269214999999
IL-RT,RT-D13,-88.15251374,39.88235572999998
IL-RT,RT-D14,-88.15251212,39.88201762999999
IL-RT,RT-D15,-88.15251079,39.88168108000001
IL-RT,RT-D16,-88.15250857,39.88134309
IL-RT,RT-D17,-88.15250808,39.88095232999999
IL-RT,RT-D18,-88.1525068,39.88062056999999
IL-RT,RT-D19,-88.15250788,39.880288910000004
IL-RT,RT-D2,-88.15252437,39.88606853000001
IL-RT,RT-D3,-88.15252322,39.88572977
IL-RT,RT-D4,-88.15252321,39.88539301
IL-RT,RT-D5,-88.15252088,39.885054209999986
IL-RT,RT-D6,-88.15252068,39.88471668999999
IL-RT,RT-D7,-88.15251973,39.88438082999999
IL-RT,RT-D8,-88.15251901,39.884038889999985
IL-RT,RT-D9,-88.15251782,39.88370300999999
IL-RT,RT-E1,-88.15296973,39.886367279999995
IL-RT,RT-E10,-88.15295949,39.88330195
IL-RT,RT-E11,-88.15295997,39.88296030000001
IL-RT,RT-E12,-88.15295872,39.882619119999994
IL-RT,RT-E13,-88.15295724,39.88227889
IL-RT,RT-E14,-88.15295594,39.88193918999998
IL-RT,RT-E15,-88.15295527,39.88160162999999
IL-RT,RT-E16,-88.15295369,39.88126371
IL-RT,RT-E17,-88.15295334,39.880963510000015
IL-RT,RT-E18,-88.15295348,39.880627319999995
IL-RT,RT-E19,-88.15295248,39.88029536999999
IL-RT,RT-E2,-88.1529695,39.8860287
IL-RT,RT-E3,-88.15296898,39.88568629
IL-RT,RT-E4,-88.15296729,39.8853454
IL-RT,RT-E5,-88.15296621,39.88500481
IL-RT,RT-E6,-88.15296449000002,39.88466181999999
IL-RT,RT-E7,-88.15296303,39.88432078999999
IL-RT,RT-E8,-88.1529626,39.88398046
IL-RT,RT-E9,-88.15296137,39.88364155
IL-RT,RT-F1,-88.15340723,39.8863568
IL-RT,RT-F10,-88.15339696,39.88329668
IL-RT,RT-F11,-88.15339685000001,39.88295685999999
IL-RT,RT-F12,-88.15339575,39.88261901999999
IL-RT,RT-F13,-88.15339483,39.88228154000001
IL-RT,RT-F14,-88.1533933,39.88194348
IL-RT,RT-F15,-88.15339185,39.88160299
IL-RT,RT-F16,-88.15339113,39.8812648
IL-RT,RT-F17,-88.15339142,39.8809601
IL-RT,RT-F18,-88.15338916,39.88062699
IL-RT,RT-F19,-88.15338777,39.88029456000001
IL-RT,RT-F2,-88.1534065,39.88601813
IL-RT,RT-F3,-88.1534052,39.88567709999999
IL-RT,RT-F4,-88.15340353,39.88533700000001
IL-RT,RT-F5,-88.15340295,39.88499461
IL-RT,RT-F6,-88.15340261,39.88465396999999
IL-RT,RT-F7,-88.15340005,39.88431440999999
IL-RT,RT-F8,-88.15340031,39.88397278000001
IL-RT,RT-F9,-88.15339862,39.883635950000006
IL-RT,RT-G1,-88.15385255,39.88635872
IL-RT,RT-G10,-88.15384225,39.883301499999995
IL-RT,RT-G11,-88.1538411,39.88296403999999
IL-RT,RT-G12,-88.15383991,39.88262628
IL-RT,RT-G13,-88.15383836,39.882289159999985
IL-RT,RT-G14,-88.15383719,39.881948939999994
IL-RT,RT-G15,-88.15383695,39.88160808
IL-RT,RT-G16,-88.15383581,39.88127106999999
IL-RT,RT-G17,-88.15383673,39.880956209999994
IL-RT,RT-G18,-88.15383387,39.880625319999986
IL-RT,RT-G19,-88.153833,39.88029829
IL-RT,RT-G2,-88.15385119,39.88601512
IL-RT,RT-G3,-88.15384954,39.885677650000005
IL-RT,RT-G4,-88.15384904,39.885338989999994
IL-RT,RT-G5,-88.1538483,39.88499793
IL-RT,RT-G6,-88.15384673,39.88465543
IL-RT,RT-G7,-88.15384628,39.88431791
IL-RT,RT-G8,-88.15384544,39.88397956000001
IL-RT,RT-G9,-88.153843320000007,39.88364150999999
IL-RT,RT-H1,-88.15428809,39.88624671
IL-RT,RT-H10,-88.15427935,39.88325492999999
IL-RT,RT-H11,-88.15427847,39.88292418999999
IL-RT,RT-H12,-88.15427818,39.88259047999999
IL-RT,RT-H13,-88.15427658,39.88226034
IL-RT,RT-H14,-88.15427587,39.88192579
IL-RT,RT-H15,-88.15427332000002,39.88160082
IL-RT,RT-H16,-88.15427287,39.88126467999999
IL-RT,RT-H17,-88.15427346,39.88096298999999
IL-RT,RT-H18,-88.15426996,39.880632609999985
IL-RT,RT-H19,-88.15427041,39.88030215000001
IL-RT,RT-H2,-88.15428732,39.88591477999999
IL-RT,RT-H3,-88.15428625,39.88558169
IL-RT,RT-H4,-88.15428503,39.88525009
IL-RT,RT-H5,-88.15428415000001,39.88491825
IL-RT,RT-H6,-88.15428544,39.884584749999995
IL-RT,RT-H7,-88.15428496000001,39.88425060000001
IL-RT,RT-H8,-88.15428153,39.88391636
IL-RT,RT-H9,-88.15428035,39.88358524
IL-RT,RT-I1,-88.15472494,39.886334579999996
IL-RT,RT-I10,-88.15471674,39.88334242
IL-RT,RT-I11,-88.15471532,39.88301134
IL-RT,RT-I12,-88.15471321,39.88268031
IL-RT,RT-I13,-88.15471229,39.88234860000001
IL-RT,RT-I14,-88.15471088,39.881986250000004
IL-RT,RT-I15,-88.15471004,39.881648
IL-RT,RT-I16,-88.15470856,39.88131645
IL-RT,RT-I17,-88.1547104,39.88097306
IL-RT,RT-I18,-88.15470799,39.880638220000016
IL-RT,RT-I19,-88.15471091,39.88030818
IL-RT,RT-I2,-88.15472552,39.88599964
IL-RT,RT-I3,-88.15472384,39.885665190000005
IL-RT,RT-I4,-88.15472224,39.88533274999999
IL-RT,RT-I5,-88.15472096,39.884999689999994
IL-RT,RT-I6,-88.1547188,39.88466748
IL-RT,RT-I7,-88.1547193,39.88433422
IL-RT,RT-I8,-88.15471737000001,39.88400573000001
IL-RT,RT-I9,-88.15471666,39.88367443999999
IL-RT,RT-J1,-88.15515396,39.88620789000001
IL-RT,RT-J10,-88.15514448,39.88321188
IL-RT,RT-J11,-88.15514324,39.88288167000001
IL-RT,RT-J12,-88.15514192,39.882548629999995
IL-RT,RT-J13,-88.15514139,39.88221633999999
IL-RT,RT-J14,-88.15514014,39.88188372
IL-RT,RT-J15,-88.15513948,39.881549459999995
IL-RT,RT-J16,-88.15513879,39.88123808
IL-RT,RT-J17,-88.15513675,39.88098184
IL-RT,RT-J18,-88.15513663,39.88064887
IL-RT,RT-J19,-88.15513553,39.88031345
IL-RT,RT-J2,-88.15515154,39.885871709999996
IL-RT,RT-J3,-88.15515004,39.885538479999994
IL-RT,RT-J4,-88.15514775000001,39.88520578000001
IL-RT,RT-J5,-88.15514835,39.88487286000001
IL-RT,RT-J6,-88.15514734000001,39.88454087000001
IL-RT,RT-J7,-88.15514779,39.8842122
IL-RT,RT-J8,-88.15514544,39.88387787
IL-RT,RT-J9,-88.15514414000002,39.88354495
IL-RT,RT-K1,-88.15560589000002,39.88632813999999
IL-RT,RT-K10,-88.15559618,39.88333450999998
IL-RT,RT-K11,-88.15559477,39.883000440000004
IL-RT,RT-K12,-88.15559434,39.882667690000005
IL-RT,RT-K13,-88.1555923,39.88233426
IL-RT,RT-K14,-88.15559252,39.88199999
IL-RT,RT-K15,-88.15559092,39.881666779999996
IL-RT,RT-K16,-88.15558178000002,39.88133309
IL-RT,RT-K17,-88.15557895,39.88098195999999
IL-RT,RT-K18,-88.15557901,39.88064863999999
IL-RT,RT-K19,-88.15557733000001,39.880308979999995
IL-RT,RT-K2,-88.15560648,39.88599731
IL-RT,RT-K3,-88.15560476,39.88566587
IL-RT,RT-K4,-88.15560402,39.88533356
IL-RT,RT-K5,-88.15560175,39.88500153
IL-RT,RT-K6,-88.15559969,39.884669779999996
IL-RT,RT-K7,-88.15559841,39.88433762
IL-RT,RT-K8,-88.15559886,39.884003749999984
IL-RT,RT-K9,-88.15559749,39.88366975999999
IL-RT,RT-L1,-88.15602581000002,39.88634816999999
IL-RT,RT-L10,-88.15601828,39.88333928
IL-RT,RT-L11,-88.15601523,39.88300067000001
IL-RT,RT-L12,-88.15601555,39.88266557
IL-RT,RT-L13,-88.15601407,39.88233445
IL-RT,RT-L14,-88.15601353,39.88200131
IL-RT,RT-L15,-88.1560114,39.881665889999994
IL-RT,RT-L16,-88.15601218,39.88133494
IL-RT,RT-L17,-88.15601176,39.88097904
IL-RT,RT-L18,-88.15600698,39.880644630000006
IL-RT,RT-L19,-88.15600758,39.88031224000001
IL-RT,RT-L2,-88.15602631,39.88601291
IL-RT,RT-L3,-88.15602329,39.885682249999995
IL-RT,RT-L4,-88.15602283,39.88535063
IL-RT,RT-L5,-88.15602391,39.885014029999994
IL-RT,RT-L6,-88.15602164,39.88467754
IL-RT,RT-L7,-88.15602149,39.884342939999996
IL-RT,RT-L8,-88.15602018000001,39.884009939999984
IL-RT,RT-L9,-88.15601981,39.88367361
IL-RT,RT-M1,-88.15626611,39.886355269999996
IL-RT,RT-M10,-88.15625893,39.883348440000006
IL-RT,RT-M11,-88.15625474,39.88301681000001
IL-RT,RT-M12,-88.15625399,39.88268216
IL-RT,RT-M13,-88.15625333,39.88234914999999
IL-RT,RT-M14,-88.15625133,39.88201462
IL-RT,RT-M15,-88.15625062,39.881678289999996
IL-RT,RT-M16,-88.15624892,39.88134524000001
IL-RT,RT-M17,-88.15624931,39.88100213999999
IL-RT,RT-M18,-88.15624719,39.880659849999994
IL-RT,RT-M19,-88.15624553,39.88031920999999
IL-RT,RT-M2,-88.15626419,39.88601871000001
IL-RT,RT-M3,-88.15626378,39.885685349999996
IL-RT,RT-M4,-88.156263,39.88535355
IL-RT,RT-M5,-88.15626162,39.88501928000001
IL-RT,RT-M6,-88.15625954,39.88468570999999
IL-RT,RT-M7,-88.15626129,39.88435165
IL-RT,RT-M8,-88.15625797,39.88401706999999
IL-RT,RT-M9,-88.15625655,39.88368422999999
